{
  "version": "0.3.14-fixed",
  "steps": [
    {
      "tag": "CreateEnum",
      "enum": "userLevel",
      "values": [
        "ADMIN",
        "STUDENT",
        "TEACHER"
      ]
    },
    {
      "tag": "CreateSource",
      "source": "db"
    },
    {
      "tag": "CreateArgument",
      "location": {
        "tag": "Source",
        "source": "db"
      },
      "argument": "provider",
      "value": "\"postgresql\""
    },
    {
      "tag": "CreateArgument",
      "location": {
        "tag": "Source",
        "source": "db"
      },
      "argument": "url",
      "value": "\"***\""
    },
    {
      "tag": "CreateModel",
      "model": "Account"
    },
    {
      "tag": "CreateField",
      "model": "Account",
      "field": "id",
      "type": "String",
      "arity": "Required"
    },
    {
      "tag": "CreateDirective",
      "location": {
        "path": {
          "tag": "Field",
          "model": "Account",
          "field": "id"
        },
        "directive": "id"
      }
    },
    {
      "tag": "CreateDirective",
      "location": {
        "path": {
          "tag": "Field",
          "model": "Account",
          "field": "id"
        },
        "directive": "default"
      }
    },
    {
      "tag": "CreateArgument",
      "location": {
        "tag": "Directive",
        "path": {
          "tag": "Field",
          "model": "Account",
          "field": "id"
        },
        "directive": "default"
      },
      "argument": "",
      "value": "uuid()"
    },
    {
      "tag": "CreateField",
      "model": "Account",
      "field": "studentId",
      "type": "String",
      "arity": "Optional"
    },
    {
      "tag": "CreateDirective",
      "location": {
        "path": {
          "tag": "Field",
          "model": "Account",
          "field": "studentId"
        },
        "directive": "unique"
      }
    },
    {
      "tag": "CreateField",
      "model": "Account",
      "field": "studentFirstName",
      "type": "String",
      "arity": "Required"
    },
    {
      "tag": "CreateField",
      "model": "Account",
      "field": "studentLastName",
      "type": "String",
      "arity": "Required"
    },
    {
      "tag": "CreateField",
      "model": "Account",
      "field": "studentEmail",
      "type": "String",
      "arity": "Required"
    },
    {
      "tag": "CreateDirective",
      "location": {
        "path": {
          "tag": "Field",
          "model": "Account",
          "field": "studentEmail"
        },
        "directive": "unique"
      }
    },
    {
      "tag": "CreateField",
      "model": "Account",
      "field": "studentPassword",
      "type": "String",
      "arity": "Optional"
    },
    {
      "tag": "CreateField",
      "model": "Account",
      "field": "studentPasswordSalt",
      "type": "String",
      "arity": "Optional"
    },
    {
      "tag": "CreateField",
      "model": "Account",
      "field": "isActivate",
      "type": "Boolean",
      "arity": "Required"
    },
    {
      "tag": "CreateDirective",
      "location": {
        "path": {
          "tag": "Field",
          "model": "Account",
          "field": "isActivate"
        },
        "directive": "default"
      }
    },
    {
      "tag": "CreateArgument",
      "location": {
        "tag": "Directive",
        "path": {
          "tag": "Field",
          "model": "Account",
          "field": "isActivate"
        },
        "directive": "default"
      },
      "argument": "",
      "value": "false"
    },
    {
      "tag": "CreateField",
      "model": "Account",
      "field": "userLevel",
      "type": "userLevel",
      "arity": "Required"
    },
    {
      "tag": "CreateDirective",
      "location": {
        "path": {
          "tag": "Field",
          "model": "Account",
          "field": "userLevel"
        },
        "directive": "default"
      }
    },
    {
      "tag": "CreateArgument",
      "location": {
        "tag": "Directive",
        "path": {
          "tag": "Field",
          "model": "Account",
          "field": "userLevel"
        },
        "directive": "default"
      },
      "argument": "",
      "value": "STUDENT"
    },
    {
      "tag": "CreateField",
      "model": "Account",
      "field": "lastLogin",
      "type": "DateTime",
      "arity": "Optional"
    },
    {
      "tag": "CreateField",
      "model": "Account",
      "field": "createdAt",
      "type": "DateTime",
      "arity": "Required"
    },
    {
      "tag": "CreateDirective",
      "location": {
        "path": {
          "tag": "Field",
          "model": "Account",
          "field": "createdAt"
        },
        "directive": "default"
      }
    },
    {
      "tag": "CreateArgument",
      "location": {
        "tag": "Directive",
        "path": {
          "tag": "Field",
          "model": "Account",
          "field": "createdAt"
        },
        "directive": "default"
      },
      "argument": "",
      "value": "now()"
    },
    {
      "tag": "CreateField",
      "model": "Account",
      "field": "updatedAt",
      "type": "DateTime",
      "arity": "Required"
    },
    {
      "tag": "CreateDirective",
      "location": {
        "path": {
          "tag": "Field",
          "model": "Account",
          "field": "updatedAt"
        },
        "directive": "default"
      }
    },
    {
      "tag": "CreateArgument",
      "location": {
        "tag": "Directive",
        "path": {
          "tag": "Field",
          "model": "Account",
          "field": "updatedAt"
        },
        "directive": "default"
      },
      "argument": "",
      "value": "now()"
    },
    {
      "tag": "CreateField",
      "model": "Account",
      "field": "AccountInfo",
      "type": "AccountInfo",
      "arity": "List"
    },
    {
      "tag": "CreateField",
      "model": "Account",
      "field": "StudentActivity",
      "type": "StudentActivity",
      "arity": "List"
    },
    {
      "tag": "CreateField",
      "model": "Account",
      "field": "StudentGrade",
      "type": "StudentGrade",
      "arity": "List"
    },
    {
      "tag": "CreateModel",
      "model": "AccountInfo"
    },
    {
      "tag": "CreateField",
      "model": "AccountInfo",
      "field": "id",
      "type": "String",
      "arity": "Required"
    },
    {
      "tag": "CreateDirective",
      "location": {
        "path": {
          "tag": "Field",
          "model": "AccountInfo",
          "field": "id"
        },
        "directive": "id"
      }
    },
    {
      "tag": "CreateDirective",
      "location": {
        "path": {
          "tag": "Field",
          "model": "AccountInfo",
          "field": "id"
        },
        "directive": "default"
      }
    },
    {
      "tag": "CreateArgument",
      "location": {
        "tag": "Directive",
        "path": {
          "tag": "Field",
          "model": "AccountInfo",
          "field": "id"
        },
        "directive": "default"
      },
      "argument": "",
      "value": "cuid()"
    },
    {
      "tag": "CreateField",
      "model": "AccountInfo",
      "field": "accountId",
      "type": "String",
      "arity": "Required"
    },
    {
      "tag": "CreateDirective",
      "location": {
        "path": {
          "tag": "Field",
          "model": "AccountInfo",
          "field": "accountId"
        },
        "directive": "unique"
      }
    },
    {
      "tag": "CreateField",
      "model": "AccountInfo",
      "field": "nickname",
      "type": "String",
      "arity": "Optional"
    },
    {
      "tag": "CreateField",
      "model": "AccountInfo",
      "field": "educateGroup",
      "type": "Int",
      "arity": "Required"
    },
    {
      "tag": "CreateField",
      "model": "AccountInfo",
      "field": "graduateSchool",
      "type": "String",
      "arity": "Optional"
    },
    {
      "tag": "CreateField",
      "model": "AccountInfo",
      "field": "admissionYear",
      "type": "Int",
      "arity": "Optional"
    },
    {
      "tag": "CreateField",
      "model": "AccountInfo",
      "field": "profileImageUrl",
      "type": "String",
      "arity": "Optional"
    },
    {
      "tag": "CreateField",
      "model": "AccountInfo",
      "field": "canContactAddress",
      "type": "String",
      "arity": "Optional"
    },
    {
      "tag": "CreateField",
      "model": "AccountInfo",
      "field": "currentAddress",
      "type": "String",
      "arity": "Optional"
    },
    {
      "tag": "CreateField",
      "model": "AccountInfo",
      "field": "workAddress",
      "type": "String",
      "arity": "Optional"
    },
    {
      "tag": "CreateField",
      "model": "AccountInfo",
      "field": "phoneNumber",
      "type": "String",
      "arity": "Optional"
    },
    {
      "tag": "CreateField",
      "model": "AccountInfo",
      "field": "facebookAccount",
      "type": "String",
      "arity": "Optional"
    },
    {
      "tag": "CreateField",
      "model": "AccountInfo",
      "field": "lineID",
      "type": "String",
      "arity": "Optional"
    },
    {
      "tag": "CreateField",
      "model": "AccountInfo",
      "field": "privacyPermission",
      "type": "Boolean",
      "arity": "Required"
    },
    {
      "tag": "CreateDirective",
      "location": {
        "path": {
          "tag": "Field",
          "model": "AccountInfo",
          "field": "privacyPermission"
        },
        "directive": "default"
      }
    },
    {
      "tag": "CreateArgument",
      "location": {
        "tag": "Directive",
        "path": {
          "tag": "Field",
          "model": "AccountInfo",
          "field": "privacyPermission"
        },
        "directive": "default"
      },
      "argument": "",
      "value": "true"
    },
    {
      "tag": "CreateField",
      "model": "AccountInfo",
      "field": "createdAt",
      "type": "DateTime",
      "arity": "Required"
    },
    {
      "tag": "CreateDirective",
      "location": {
        "path": {
          "tag": "Field",
          "model": "AccountInfo",
          "field": "createdAt"
        },
        "directive": "default"
      }
    },
    {
      "tag": "CreateArgument",
      "location": {
        "tag": "Directive",
        "path": {
          "tag": "Field",
          "model": "AccountInfo",
          "field": "createdAt"
        },
        "directive": "default"
      },
      "argument": "",
      "value": "now()"
    },
    {
      "tag": "CreateField",
      "model": "AccountInfo",
      "field": "updatedAt",
      "type": "DateTime",
      "arity": "Required"
    },
    {
      "tag": "CreateDirective",
      "location": {
        "path": {
          "tag": "Field",
          "model": "AccountInfo",
          "field": "updatedAt"
        },
        "directive": "default"
      }
    },
    {
      "tag": "CreateArgument",
      "location": {
        "tag": "Directive",
        "path": {
          "tag": "Field",
          "model": "AccountInfo",
          "field": "updatedAt"
        },
        "directive": "default"
      },
      "argument": "",
      "value": "now()"
    },
    {
      "tag": "CreateField",
      "model": "AccountInfo",
      "field": "Account",
      "type": "Account",
      "arity": "Required"
    },
    {
      "tag": "CreateDirective",
      "location": {
        "path": {
          "tag": "Field",
          "model": "AccountInfo",
          "field": "Account"
        },
        "directive": "relation"
      }
    },
    {
      "tag": "CreateArgument",
      "location": {
        "tag": "Directive",
        "path": {
          "tag": "Field",
          "model": "AccountInfo",
          "field": "Account"
        },
        "directive": "relation"
      },
      "argument": "fields",
      "value": "[accountId]"
    },
    {
      "tag": "CreateArgument",
      "location": {
        "tag": "Directive",
        "path": {
          "tag": "Field",
          "model": "AccountInfo",
          "field": "Account"
        },
        "directive": "relation"
      },
      "argument": "references",
      "value": "[id]"
    },
    {
      "tag": "CreateModel",
      "model": "StudentActivity"
    },
    {
      "tag": "CreateField",
      "model": "StudentActivity",
      "field": "id",
      "type": "String",
      "arity": "Required"
    },
    {
      "tag": "CreateDirective",
      "location": {
        "path": {
          "tag": "Field",
          "model": "StudentActivity",
          "field": "id"
        },
        "directive": "id"
      }
    },
    {
      "tag": "CreateDirective",
      "location": {
        "path": {
          "tag": "Field",
          "model": "StudentActivity",
          "field": "id"
        },
        "directive": "default"
      }
    },
    {
      "tag": "CreateArgument",
      "location": {
        "tag": "Directive",
        "path": {
          "tag": "Field",
          "model": "StudentActivity",
          "field": "id"
        },
        "directive": "default"
      },
      "argument": "",
      "value": "cuid()"
    },
    {
      "tag": "CreateField",
      "model": "StudentActivity",
      "field": "accountId",
      "type": "String",
      "arity": "Optional"
    },
    {
      "tag": "CreateDirective",
      "location": {
        "path": {
          "tag": "Field",
          "model": "StudentActivity",
          "field": "accountId"
        },
        "directive": "unique"
      }
    },
    {
      "tag": "CreateField",
      "model": "StudentActivity",
      "field": "studentId",
      "type": "String",
      "arity": "Optional"
    },
    {
      "tag": "CreateField",
      "model": "StudentActivity",
      "field": "activityAllCount",
      "type": "Int",
      "arity": "Required"
    },
    {
      "tag": "CreateField",
      "model": "StudentActivity",
      "field": "activityJoinedCount",
      "type": "Int",
      "arity": "Required"
    },
    {
      "tag": "CreateField",
      "model": "StudentActivity",
      "field": "createdAt",
      "type": "DateTime",
      "arity": "Required"
    },
    {
      "tag": "CreateDirective",
      "location": {
        "path": {
          "tag": "Field",
          "model": "StudentActivity",
          "field": "createdAt"
        },
        "directive": "default"
      }
    },
    {
      "tag": "CreateArgument",
      "location": {
        "tag": "Directive",
        "path": {
          "tag": "Field",
          "model": "StudentActivity",
          "field": "createdAt"
        },
        "directive": "default"
      },
      "argument": "",
      "value": "now()"
    },
    {
      "tag": "CreateField",
      "model": "StudentActivity",
      "field": "Account",
      "type": "Account",
      "arity": "Optional"
    },
    {
      "tag": "CreateDirective",
      "location": {
        "path": {
          "tag": "Field",
          "model": "StudentActivity",
          "field": "Account"
        },
        "directive": "relation"
      }
    },
    {
      "tag": "CreateArgument",
      "location": {
        "tag": "Directive",
        "path": {
          "tag": "Field",
          "model": "StudentActivity",
          "field": "Account"
        },
        "directive": "relation"
      },
      "argument": "fields",
      "value": "[accountId]"
    },
    {
      "tag": "CreateArgument",
      "location": {
        "tag": "Directive",
        "path": {
          "tag": "Field",
          "model": "StudentActivity",
          "field": "Account"
        },
        "directive": "relation"
      },
      "argument": "references",
      "value": "[id]"
    },
    {
      "tag": "CreateModel",
      "model": "StudentGrade"
    },
    {
      "tag": "CreateField",
      "model": "StudentGrade",
      "field": "id",
      "type": "String",
      "arity": "Required"
    },
    {
      "tag": "CreateDirective",
      "location": {
        "path": {
          "tag": "Field",
          "model": "StudentGrade",
          "field": "id"
        },
        "directive": "id"
      }
    },
    {
      "tag": "CreateDirective",
      "location": {
        "path": {
          "tag": "Field",
          "model": "StudentGrade",
          "field": "id"
        },
        "directive": "default"
      }
    },
    {
      "tag": "CreateArgument",
      "location": {
        "tag": "Directive",
        "path": {
          "tag": "Field",
          "model": "StudentGrade",
          "field": "id"
        },
        "directive": "default"
      },
      "argument": "",
      "value": "cuid()"
    },
    {
      "tag": "CreateField",
      "model": "StudentGrade",
      "field": "StudentId",
      "type": "String",
      "arity": "Required"
    },
    {
      "tag": "CreateField",
      "model": "StudentGrade",
      "field": "totalCredit",
      "type": "Float",
      "arity": "Optional"
    },
    {
      "tag": "CreateField",
      "model": "StudentGrade",
      "field": "totalAverageGrade",
      "type": "Float",
      "arity": "Optional"
    },
    {
      "tag": "CreateField",
      "model": "StudentGrade",
      "field": "totalMainSubjectGrade",
      "type": "Float",
      "arity": "Optional"
    },
    {
      "tag": "CreateField",
      "model": "StudentGrade",
      "field": "createdAt",
      "type": "DateTime",
      "arity": "Required"
    },
    {
      "tag": "CreateDirective",
      "location": {
        "path": {
          "tag": "Field",
          "model": "StudentGrade",
          "field": "createdAt"
        },
        "directive": "default"
      }
    },
    {
      "tag": "CreateArgument",
      "location": {
        "tag": "Directive",
        "path": {
          "tag": "Field",
          "model": "StudentGrade",
          "field": "createdAt"
        },
        "directive": "default"
      },
      "argument": "",
      "value": "now()"
    },
    {
      "tag": "CreateField",
      "model": "StudentGrade",
      "field": "accountId",
      "type": "String",
      "arity": "Optional"
    },
    {
      "tag": "CreateDirective",
      "location": {
        "path": {
          "tag": "Field",
          "model": "StudentGrade",
          "field": "accountId"
        },
        "directive": "unique"
      }
    },
    {
      "tag": "CreateField",
      "model": "StudentGrade",
      "field": "Account",
      "type": "Account",
      "arity": "Optional"
    },
    {
      "tag": "CreateDirective",
      "location": {
        "path": {
          "tag": "Field",
          "model": "StudentGrade",
          "field": "Account"
        },
        "directive": "relation"
      }
    },
    {
      "tag": "CreateArgument",
      "location": {
        "tag": "Directive",
        "path": {
          "tag": "Field",
          "model": "StudentGrade",
          "field": "Account"
        },
        "directive": "relation"
      },
      "argument": "fields",
      "value": "[accountId]"
    },
    {
      "tag": "CreateArgument",
      "location": {
        "tag": "Directive",
        "path": {
          "tag": "Field",
          "model": "StudentGrade",
          "field": "Account"
        },
        "directive": "relation"
      },
      "argument": "references",
      "value": "[id]"
    }
  ]
}